X÷·,Y÷·,Z÷·
3364.420,5815.550,0.8
3364.259,5795.551,0.8
3363.951,5775.554,0.8
3363.455,5755.560,0.8
3362.640,5735.577,0.8
3361.615,5715.604,0.8
3360.341,5695.645,0.8
3358.784,5675.706,0.8
3356.907,5655.794,0.8
3354.716,5635.915,0.8
3352.223,5616.071,0.8
3349.395,5596.272,0.8
3346.156,5576.537,0.8
3342.393,5556.896,0.8
3337.890,5537.411,0.8
3332.626,5518.118,0.8
3326.566,5499.061,0.8
3319.848,5480.224,0.8
3312.570,5461.597,0.8
3304.770,5443.181,0.8
3296.559,5424.945,0.8
3287.927,5406.905,0.8
3278.905,5389.056,0.8
3269.517,5371.397,0.8
3259.677,5353.986,0.8
3249.360,5336.854,0.8
3238.584,5320.006,0.8
3227.331,5303.474,0.8
3215.552,5287.311,0.8
3203.336,5271.478,0.8
3190.713,5255.966,0.8
3177.715,5240.767,0.8
3164.370,5225.872,0.8
3150.702,5211.271,0.8
3136.736,5196.955,0.8
3122.492,5182.915,0.8
3107.991,5169.142,0.8
3093.248,5155.627,0.8
3078.278,5142.365,0.8
3063.088,5129.354,0.8
3047.686,5116.597,0.8
3032.073,5104.098,0.8
3016.250,5091.866,0.8
3000.217,5079.912,0.8
2983.970,5068.250,0.8
2967.514,5056.884,0.8
2950.858,5045.814,0.8
2934.013,5035.033,0.8
2916.993,5024.532,0.8
2899.811,5014.296,0.8
2882.482,5004.312,0.8
2865.021,4994.560,0.8
2847.443,4985.022,0.8
2829.762,4975.674,0.8
2811.996,4966.490,0.8
2794.158,4957.445,0.8
2776.256,4948.527,0.8
2758.308,4939.702,0.8
2740.325,4930.949,0.8
2722.317,4922.248,0.8
2704.293,4913.580,0.8
2686.261,4904.929,0.8
2668.221,4896.295,0.8
2650.165,4887.693,0.8
2632.083,4879.147,0.8
2613.964,4870.679,0.8
2595.797,4862.314,0.8
2577.569,4854.085,0.8
2559.269,4846.015,0.8
2540.891,4838.127,0.8
2522.427,4830.440,0.8
2503.882,4822.951,0.8
2485.264,4815.646,0.8
2466.581,4808.509,0.8
2447.842,4801.520,0.8
2429.055,4794.663,0.8
2410.227,4787.917,0.8
2391.366,4781.265,0.8
2372.478,4774.689,0.8
2353.567,4768.178,0.8
2334.632,4761.739,0.8
2315.672,4755.374,0.8
2296.687,4749.083,0.8
2277.677,4742.869,0.8
2258.641,4736.736,0.8
2239.576,4730.690,0.8
2220.480,4724.747,0.8
2201.347,4718.921,0.8
2182.181,4713.206,0.8
2162.980,4707.611,0.8
2143.742,4702.143,0.8
2124.467,4696.808,0.8
2105.153,4691.613,0.8
2085.795,4686.590,0.8
2066.400,4681.708,0.8
2046.970,4676.967,0.8
2027.508,4672.361,0.8
2008.015,4667.885,0.8
1988.485,4663.576,0.8
1968.927,4659.393,0.8
1949.346,4655.321,0.8
1929.743,4651.356,0.8
1910.111,4647.540,0.8
1890.456,4643.839,0.8
1870.783,4640.239,0.8
1851.090,4636.747,0.8
1831.370,4633.413,0.8
1811.632,4630.186,0.8
1791.877,4627.068,0.8
1772.099,4624.095,0.8
1752.297,4621.293,0.8
1732.475,4618.633,0.8
1712.633,4616.123,0.8
1692.764,4613.834,0.8
1672.874,4611.748,0.8
1652.966,4609.839,0.8
1633.041,4608.105,0.8
1613.093,4606.667,0.8
1593.133,4605.413,0.8
1573.162,4604.335,0.8
1553.179,4603.506,0.8
1533.190,4602.875,0.8
1513.196,4602.375,0.8
1493.199,4602.053,0.8
1473.200,4601.880,0.8
1453.200,4601.798,0.8
1433.200,4601.847,0.8
1413.201,4601.995,0.8
1393.202,4602.203,0.8
1373.204,4602.510,0.8
1353.207,4602.869,0.8
1333.211,4603.267,0.8
1313.217,4603.731,0.8
1293.223,4604.224,0.8
1273.230,4604.752,0.8
1253.238,4605.337,0.8
1233.248,4605.950,0.8
1213.259,4606.605,0.8
1193.271,4607.313,0.8
1173.285,4608.053,0.8
1153.300,4608.839,0.8
1133.318,4609.683,0.8
1113.338,4610.565,0.8
1093.359,4611.495,0.8
1073.385,4612.506,0.8
1053.414,4613.587,0.8
1033.447,4614.733,0.8
1013.487,4615.998,0.8
993.531,4617.316,0.8
973.578,4618.698,0.8
953.630,4620.131,0.8
933.684,4621.605,0.8
913.740,4623.096,0.8
893.799,4624.637,0.8
873.859,4626.178,0.8
853.920,4627.741,0.8
833.983,4629.328,0.8
814.046,4630.915,0.8
794.109,4632.505,0.8
774.175,4634.123,0.8
754.241,4635.742,0.8
734.306,4637.360,0.8
6762.895,7398.029,0.75
6754.745,7379.765,0.75
6746.596,7361.501,0.75
6738.446,7343.236,0.75
6730.296,7324.972,0.75
6722.146,7306.708,0.75
6713.996,7288.444,0.75
6705.846,7270.180,0.75
6697.696,7251.916,0.75
6689.546,7233.652,0.75
6681.396,7215.387,0.75
6673.247,7197.123,0.75
6665.067,7178.872,0.75
6656.885,7160.622,0.75
6648.704,7142.372,0.75
6640.523,7124.122,0.75
6632.342,7105.872,0.75
6624.161,7087.622,0.75
6615.979,7069.372,0.75
6607.798,7051.121,0.75
6599.617,7032.871,0.75
6591.396,7014.639,0.75
6583.169,6996.410,0.75
6574.942,6978.180,0.75
6566.715,6959.951,0.75
6558.488,6941.721,0.75
6550.261,6923.491,0.75
6542.033,6905.262,0.75
6533.737,6887.064,0.75
6525.440,6868.866,0.75
6517.144,6850.668,0.75
6508.847,6832.470,0.75
6500.551,6814.272,0.75
6492.146,6796.124,0.75
6483.741,6777.976,0.75
6475.335,6759.828,0.75
6466.847,6741.718,0.75
6458.268,6723.652,0.75
6449.667,6705.596,0.75
6440.827,6687.656,0.75
6431.856,6669.781,0.75
6422.703,6651.999,0.75
6413.449,6634.269,0.75
6404.129,6616.573,0.75
6394.745,6598.911,0.75
6385.300,6581.282,0.75
6375.801,6563.681,0.75
6366.260,6546.104,0.75
6356.689,6528.543,0.75
6347.100,6510.991,0.75
6337.497,6493.447,0.75
6327.876,6475.914,0.75
6318.230,6458.394,0.75
6308.552,6440.891,0.75
6298.837,6423.409,0.75
6289.076,6405.953,0.75
6279.262,6388.527,0.75
6269.383,6371.137,0.75
6259.430,6353.789,0.75
6249.398,6336.487,0.75
6239.286,6319.232,0.75
6229.093,6302.024,0.75
6218.817,6284.866,0.75
6208.458,6267.758,0.75
6198.017,6250.700,0.75
6187.494,6233.692,0.75
6176.897,6216.730,0.75
6166.240,6199.806,0.75
6155.541,6182.908,0.75
6144.817,6166.026,0.75
6134.093,6149.145,0.75
6123.392,6132.248,0.75
6112.734,6115.325,0.75
6102.097,6098.388,0.75
6091.421,6081.476,0.75
6080.654,6064.621,0.75
6069.757,6047.851,0.75
6058.682,6031.197,0.75
6047.419,6014.670,0.75
6035.985,5998.261,0.75
6024.405,5981.955,0.75
6012.700,5965.738,0.75
6000.883,5949.603,0.75
5988.961,5933.544,0.75
5976.940,5917.560,0.75
5964.817,5901.653,0.75
5952.586,5885.829,0.75
5940.230,5870.103,0.75
5927.723,5854.496,0.75
5915.043,5839.030,0.75
5902.171,5823.723,0.75
5889.105,5808.581,0.75
5875.872,5793.585,0.75
5862.492,5778.720,0.75
5848.990,5763.965,0.75
5835.394,5749.297,0.75
5821.726,5734.697,0.75
5807.996,5720.154,0.75
5794.218,5705.657,0.75
5780.407,5691.191,0.75
5766.571,5676.750,0.75
5752.716,5662.326,0.75
5738.850,5647.913,0.75
5724.974,5633.509,0.75
5711.083,5619.120,0.75
5697.169,5604.754,0.75
5683.222,5590.420,0.75
5669.229,5576.130,0.75
5655.180,5561.895,0.75
5641.061,5547.730,0.75
5626.851,5533.656,0.75
5612.537,5519.688,0.75
5598.116,5505.831,0.75
5583.592,5492.081,0.75
5568.974,5478.431,0.75
5554.274,5464.870,0.75
5539.507,5451.381,0.75
5524.689,5437.950,0.75
5509.830,5424.563,0.75
5494.926,5411.226,0.75
5479.966,5397.952,0.75
5464.942,5384.750,0.75
5449.849,5371.628,0.75
5434.685,5358.588,0.75
5419.446,5345.635,0.75
5404.130,5332.773,0.75
5388.715,5320.031,0.75
5373.225,5307.380,0.75
5357.671,5294.807,0.75
5342.059,5282.306,0.75
5326.379,5269.891,0.75
5310.664,5257.520,0.75
5294.918,5245.189,0.75
5279.138,5232.901,0.75
5263.331,5220.648,0.75
5247.509,5208.415,0.75
5231.675,5196.197,0.75
5215.834,5183.987,0.75
5199.994,5171.777,0.75
5184.153,5159.567,0.75
5168.309,5147.363,0.75
5152.455,5135.170,0.75
5136.585,5122.999,0.75
5120.689,5110.861,0.75
5104.757,5098.771,0.75
5088.779,5086.742,0.75
5072.741,5074.793,0.75
5056.616,5062.961,0.75
5040.357,5051.316,0.75
5023.952,5039.876,0.75
5007.377,5028.683,0.75
4990.574,5017.838,0.75
4973.549,5007.344,0.75
4956.305,4997.214,0.75
4938.803,4987.537,0.75
4921.089,4978.251,0.75
4903.178,4969.355,0.75
4885.055,4960.897,0.75
4866.761,4952.816,0.75
4848.314,4945.090,0.75
4829.723,4937.716,0.75
4810.984,4930.730,0.75
4792.104,4924.133,0.75
4773.093,4917.922,0.75
4753.953,4912.123,0.75
4734.689,4906.752,0.75
4715.308,4901.816,0.75
4695.842,4897.229,0.75
4676.304,4892.953,0.75
4656.704,4888.976,0.75
4637.059,4885.227,0.75
4617.376,4881.680,0.75
4597.649,4878.389,0.75
4577.871,4875.418,0.75
4558.044,4872.800,0.75
4538.156,4870.693,0.75
4518.214,4869.186,0.75
4498.230,4868.457,0.75
4478.232,4868.493,0.75
4458.250,4869.325,0.75
4438.313,4870.902,0.75
4418.435,4873.094,0.75
4398.645,4875.969,0.75
4378.988,4879.644,0.75
4359.520,4884.217,0.75
4340.312,4889.781,0.75
4321.393,4896.261,0.75
4302.739,4903.470,0.75
4284.339,4911.303,0.75
4266.181,4919.686,0.75
4248.278,4928.601,0.75
4230.708,4938.154,0.75
4213.570,4948.459,0.75
4196.946,4959.576,0.75
4180.874,4971.477,0.75
4165.358,4984.093,0.75
4150.415,4997.386,0.75
4136.091,5011.341,0.75
4122.444,5025.959,0.75
4109.536,5041.234,0.75
4097.402,5057.131,0.75
4086.052,5073.596,0.75
4075.533,5090.603,0.75
4066.081,5108.222,0.75
4058.011,5126.513,0.75
4051.673,5145.471,0.75
4047.307,5164.977,0.75
4044.876,5184.818,0.75
4044.356,5204.800,0.75
4045.825,5224.734,0.75
4049.440,5244.392,0.75
4055.330,5263.493,0.75
4063.170,5281.881,0.75
4072.540,5299.543,0.75
4082.972,5316.605,0.75
4094.096,5333.224,0.75
4105.636,5349.559,0.75
4117.434,5365.708,0.75
4129.599,5381.582,0.75
4142.241,5397.078,0.75
4155.390,5412.147,0.75
4168.973,5426.826,0.75
4182.886,5441.193,0.75
4197.069,5455.293,0.75
4211.494,5469.146,0.75
4226.168,5482.735,0.75
4241.115,5496.023,0.75
4256.343,5508.987,0.75
4271.838,5521.632,0.75
4287.584,5533.963,0.75
4303.494,5546.082,0.75
4319.493,5558.083,0.75
4335.516,5570.052,0.75
4351.513,5582.056,0.75
4367.450,5594.139,0.75
4383.301,5606.335,0.75
4399.060,5618.650,0.75
4414.728,5631.081,0.75
4430.322,5643.603,0.75
4445.849,5656.209,0.75
4461.312,5668.894,0.75
4476.714,5681.653,0.75
4492.048,5694.493,0.75
4507.319,5707.408,0.75
4522.525,5720.398,0.75
4537.663,5733.469,0.75
4552.716,5746.638,0.75
4567.689,5759.897,0.75
4582.551,5773.281,0.75
4597.284,5786.806,0.75
4611.827,5800.535,0.75
4626.172,5814.471,0.75
4640.315,5828.612,0.75
4654.249,5842.959,0.75
4668.031,5857.452,0.75
4681.657,5872.092,0.75
4695.164,5886.842,0.75
4708.550,5901.701,0.75
4721.823,5916.663,0.75
4734.987,5931.719,0.75
4748.008,5946.899,0.75
4760.899,5962.191,0.75
4773.627,5977.618,0.75
4786.191,5993.178,0.75
4798.588,6008.873,0.75
4810.769,6024.735,0.75
4822.752,6040.747,0.75
4834.534,6056.909,0.75
4846.094,6073.229,0.75
4857.478,6089.673,0.75
4868.704,6106.225,0.75
4879.795,6122.868,0.75
4890.770,6139.587,0.75
4901.646,6156.372,0.75
4912.431,6173.215,0.75
4923.129,6190.113,0.75
4933.736,6207.069,0.75
4944.261,6224.075,0.75
4954.704,6241.132,0.75
4965.057,6258.244,0.75
4975.315,6275.413,0.75
4985.469,6292.643,0.75
4995.516,6309.936,0.75
5005.452,6327.294,0.75
5015.278,6344.713,0.75
5024.996,6362.194,0.75
5034.611,6379.731,0.75
5044.119,6397.326,0.75
5053.539,6414.969,0.75
5062.882,6432.652,0.75
5072.154,6450.373,0.75
5081.361,6468.128,0.75
5090.502,6485.917,0.75
5099.576,6503.740,0.75
5108.572,6521.602,0.75
5117.487,6539.505,0.75
5126.308,6557.455,0.75
5135.002,6575.467,0.75
5143.522,6593.561,0.75
5151.865,6611.737,0.75
5160.050,6629.986,0.75
5168.116,6648.287,0.75
5176.115,6666.618,0.75
5184.088,6684.960,0.75
5192.033,6703.314,0.75
5199.901,6721.701,0.75
5207.732,6740.104,0.75
5215.447,6758.556,0.75
5223.157,6777.010,0.75
5230.822,6795.484,0.75
5238.438,6813.977,0.75
5246.053,6832.470,0.75
5253.669,6850.963,0.75
5261.222,6869.482,0.75
5268.771,6888.003,0.75
5276.320,6906.523,0.75
5283.869,6925.044,0.75
5291.417,6943.565,0.75
5298.919,6962.105,0.75
5306.421,6980.645,0.75
5313.922,6999.184,0.75
5321.424,7017.724,0.75
5328.926,7036.264,0.75
5336.428,7054.804,0.75
5343.915,7073.349,0.75
5351.382,7091.903,0.75
5358.850,7110.456,0.75
5366.318,7129.010,0.75
5373.786,7147.563,0.75
5381.254,7166.117,0.75
5388.721,7184.670,0.75
5396.189,7203.224,0.75
5403.657,7221.777,0.75
5411.103,7240.340,0.75
5418.545,7258.903,0.75
5425.988,7277.467,0.75
5433.430,7296.031,0.75
5440.873,7314.594,0.75
5448.315,7333.158,0.75
5455.758,7351.722,0.75
5463.200,7370.285,0.75
5470.643,7388.849,0.75
5478.085,7407.412,0.75
2366.276,1152.708,0.75
2386.275,1152.805,0.75
2406.275,1152.885,0.75
2426.275,1152.894,0.75
2446.275,1152.904,0.75
2466.275,1152.845,0.75
2486.275,1152.774,0.75
2506.275,1152.653,0.75
2526.274,1152.514,0.75
2546.273,1152.337,0.75
2566.273,1152.151,0.75
2586.272,1151.955,0.75
2606.271,1151.780,0.75
2626.270,1151.643,0.75
2646.270,1151.578,0.75
2666.270,1151.661,0.75
2686.268,1151.900,0.75
2706.264,1152.311,0.75
2726.255,1152.914,0.75
2746.239,1153.718,0.75
2766.213,1154.724,0.75
2786.177,1155.928,0.75
2806.130,1157.288,0.75
2826.076,1158.769,0.75
2846.012,1160.355,0.75
2865.942,1162.037,0.75
2885.864,1163.801,0.75
2905.779,1165.638,0.75
2925.689,1167.538,0.75
2945.593,1169.490,0.75
2965.493,1171.488,0.75
2985.389,1173.527,0.75
3005.280,1175.608,0.75
3025.167,1177.735,0.75
3045.048,1179.910,0.75
3064.924,1182.138,0.75
3084.792,1184.430,0.75
3104.652,1186.791,0.75
3124.502,1189.232,0.75
3144.342,1191.762,0.75
3164.169,1194.387,0.75
3183.983,1197.107,0.75
3203.784,1199.919,0.75
3223.573,1202.819,0.75
3243.349,1205.801,0.75
3263.116,1208.848,0.75
3282.874,1211.949,0.75
3302.625,1215.093,0.75
3322.369,1218.283,0.75
3342.105,1221.520,0.75
3361.833,1224.811,0.75
3381.550,1228.164,0.75
3401.252,1231.603,0.75
3420.936,1235.142,0.75
3440.595,1238.820,0.75
3460.217,1242.691,0.75
3479.794,1246.782,0.75
3499.327,1251.076,0.75
3518.818,1255.559,0.75
3538.281,1260.161,0.75
3557.715,1264.886,0.75
3577.127,1269.699,0.75
3596.519,1274.596,0.75
3615.886,1279.585,0.75
3635.233,1284.655,0.75
3654.558,1289.808,0.75
3673.858,1295.052,0.75
3693.123,1300.423,0.75
3712.350,1305.931,0.75
3731.515,1311.648,0.75
3750.577,1317.699,0.75
3769.423,1324.390,0.75
3787.928,1331.969,0.75
3806.111,1340.296,0.75
3824.141,1348.952,0.75
3842.114,1357.725,0.75
3860.073,1366.528,0.75
3878.043,1375.306,0.75
3896.048,1384.015,0.75
3914.087,1392.652,0.75
3932.132,1401.276,0.75
3950.158,1409.939,0.75
3968.141,1418.692,0.75
3986.056,1427.583,0.75
4003.885,1436.646,0.75
4021.579,1445.969,0.75
4039.126,1455.564,0.75
4056.465,1465.531,0.75
4073.574,1475.887,0.75
4090.400,1486.697,0.75
4106.955,1497.917,0.75
4123.225,1509.547,0.75
4139.262,1521.497,0.75
4155.048,1533.776,0.75
4170.651,1546.288,0.75
4186.094,1558.996,0.75
4201.391,1571.881,0.75
4216.532,1584.947,0.75
4231.531,1598.178,0.75
4246.382,1611.573,0.75
4261.073,1625.143,0.75
4275.582,1638.908,0.75
4289.930,1652.842,0.75
4304.151,1666.904,0.75
4318.262,1681.078,0.75
4332.325,1695.299,0.75
4346.364,1709.543,0.75
4360.346,1723.843,0.75
4374.225,1738.243,0.75
4387.936,1752.804,0.75
4401.441,1767.555,0.75
4414.717,1782.512,0.75
4427.740,1797.691,0.75
4440.502,1813.090,0.75
4452.986,1828.715,0.75
4465.219,1844.537,0.75
4477.197,1860.552,0.75
4488.910,1876.763,0.75
4500.342,1893.173,0.75
4511.473,1909.789,0.75
4522.292,1926.609,0.75
4532.774,1943.642,0.75
4542.951,1960.859,0.75
4552.818,1978.255,0.75
4562.345,1995.839,0.75
4571.479,2013.631,0.75
4580.217,2031.620,0.75
4588.431,2049.855,0.75
4596.128,2068.313,0.75
4603.318,2086.975,0.75
4610.016,2105.820,0.75
4616.337,2124.794,0.75
4622.331,2143.874,0.75
4628.010,2163.051,0.75
4633.453,2182.296,0.75
4638.644,2201.610,0.75
4643.639,2220.976,0.75
4648.370,2240.409,0.75
4652.847,2259.901,0.75
4657.019,2279.461,0.75
4660.858,2299.088,0.75
4664.372,2318.777,0.75
4667.515,2338.528,0.75
4670.387,2358.321,0.75
4672.981,2378.151,0.75
4675.331,2398.013,0.75
4677.436,2417.901,0.75
4679.272,2437.816,0.75
4680.709,2457.764,0.75
4681.591,2477.744,0.75
4681.836,2497.742,0.75
4681.419,2517.736,0.75
4680.335,2537.706,0.75
4678.596,2557.628,0.75
4676.228,2577.487,0.75
4673.187,2597.253,0.75
4669.629,2616.933,0.75
4665.612,2636.525,0.75
4661.236,2656.040,0.75
4656.554,2675.484,0.75
4651.622,2694.866,0.75
4646.447,2714.185,0.75
4640.981,2733.423,0.75
4635.160,2752.557,0.75
4628.955,2771.569,0.75
4622.307,2790.432,0.75
4615.263,2809.149,0.75
4607.771,2827.693,0.75
4599.931,2846.091,0.75
4591.767,2864.349,0.75
4583.234,2882.436,0.75
4574.395,2900.377,0.75
4565.251,2918.164,0.75
4555.743,2935.759,0.75
4545.923,2953.182,0.75
4535.811,2970.436,0.75
4525.393,2987.509,0.75
4514.726,3004.426,0.75
4503.850,3021.210,0.75
4492.783,3037.869,0.75
4481.538,3054.407,0.75
4470.118,3070.826,0.75
4458.526,3087.125,0.75
4446.759,3103.297,0.75
4434.816,3119.339,0.75
4422.696,3135.248,0.75
4410.392,3151.016,0.75
4397.903,3166.637,0.75
4385.226,3182.105,0.75
4372.357,3197.414,0.75
4359.290,3212.556,0.75
4346.021,3227.519,0.75
4332.541,3242.293,0.75
4318.844,3256.867,0.75
4304.937,3271.239,0.75
4290.842,3285.428,0.75
4276.584,3299.453,0.75
4262.192,3313.340,0.75
4247.691,3327.114,0.75
4233.107,3340.801,0.75
4218.475,3354.435,0.75
4203.803,3368.027,0.75
4189.060,3381.541,0.75
4174.204,3394.932,0.75
4159.196,3408.150,0.75
4143.990,3421.141,0.75
4128.585,3433.896,0.75
4112.972,3446.394,0.75
4097.155,3458.634,0.75
4081.146,3470.620,0.75
4064.958,3482.365,0.75
4048.604,3493.877,0.75
4032.099,3505.171,0.75
4015.453,3516.258,0.75
3998.680,3527.150,0.75
3981.791,3537.862,0.75
3964.798,3548.409,0.75
3947.697,3558.781,0.75
3930.523,3569.029,0.75
3913.286,3579.171,0.75
3895.993,3589.220,0.75
3878.651,3599.182,0.75
3861.251,3609.043,0.75
3843.812,3618.835,0.75
3826.338,3628.565,0.75
3808.831,3638.234,0.75
3791.291,3647.843,0.75
3773.707,3657.373,0.75
3756.073,3666.809,0.75
3738.386,3676.146,0.75
3720.642,3685.372,0.75
3702.833,3694.475,0.75
3684.958,3703.444,0.75
3667.012,3712.272,0.75
3648.994,3720.953,0.75
3630.903,3729.481,0.75
3612.725,3737.822,0.75
3594.471,3745.992,0.75
3576.140,3753.990,0.75
3557.735,3761.816,0.75
3539.258,3769.471,0.75
3520.713,3776.960,0.75
3502.083,3784.233,0.75
3483.387,3791.337,0.75
3464.634,3798.288,0.75
3445.829,3805.097,0.75
3426.954,3811.710,0.75
3408.028,3818.177,0.75
3389.063,3824.524,0.75
3370.047,3830.722,0.75
3350.979,3836.754,0.75
3331.877,3842.680,0.75
3312.734,3848.473,0.75
3293.541,3854.096,0.75
3274.320,3859.621,0.75
3255.058,3865.005,0.75
3235.753,3870.232,0.75
3216.425,3875.372,0.75
3197.060,3880.369,0.75
3177.667,3885.260,0.75
3158.258,3890.084,0.75
3138.818,3894.784,0.75
3119.363,3899.422,0.75
3099.895,3904.005,0.75
3080.406,3908.495,0.75
3060.908,3912.949,0.75
3041.401,3917.360,0.75
3021.882,3921.720,0.75
3002.358,3926.059,0.75
2982.829,3930.372,0.75
2963.289,3934.640,0.75
2943.743,3938.876,0.75
2924.189,3943.077,0.75
2904.620,3947.204,0.75
2885.040,3951.281,0.75
2865.450,3955.310,0.75
2845.842,3959.252,0.75
2826.220,3963.123,0.75
2806.587,3966.935,0.75
2786.936,3970.656,0.75
2767.270,3974.293,0.75
2747.592,3977.871,0.75
2727.899,3981.356,0.75
2708.191,3984.765,0.75
2688.475,3988.122,0.75
2668.742,3991.379,0.75
2648.999,3994.572,0.75
2629.247,3997.716,0.75
2609.478,4000.746,0.75
2589.702,4003.728,0.75
2569.915,4006.641,0.75
2550.114,4009.455,0.75
2530.306,4012.218,0.75
2510.485,4014.888,0.75
2490.653,4017.472,0.75
2470.814,4020.006,0.75
2450.961,4022.427,0.75
2431.103,4024.805,0.75
2411.237,4027.116,0.75
2391.365,4029.373,0.75
2371.488,4031.592,0.75
2351.607,4033.765,0.75
2331.722,4035.911,0.75
2311.835,4038.031,0.75
2291.944,4040.122,0.75
2272.054,4042.210,0.75
2252.159,4044.262,0.75
2232.265,4046.314,0.75
2212.368,4048.348,0.75
2192.470,4050.357,0.75
2172.571,4052.365,0.75
2152.668,4054.338,0.75
2132.760,4056.249,0.75
2112.851,4058.160,0.75
2092.943,4060.071,0.75
2073.027,4061.901,0.75
2053.107,4063.692,0.75
2033.187,4065.484,0.75
2013.268,4067.275,0.75
1993.348,4069.063,0.75
1973.419,4070.742,0.75
1953.489,4072.422,0.75
1933.560,4074.101,0.75
1913.630,4075.780,0.75
1893.701,4077.459,0.75
1873.771,4079.130,0.75
1853.834,4080.715,0.75
1833.897,4082.300,0.75
1813.960,4083.885,0.75
1794.023,4085.470,0.75
1774.086,4087.055,0.75
1754.148,4088.640,0.75
1734.211,4090.225,0.75
1714.271,4091.770,0.75
1694.328,4093.279,0.75
1674.385,4094.789,0.75
1654.442,4096.298,0.75
1634.499,4097.808,0.75
1614.556,4099.317,0.75
1594.613,4100.827,0.75
1574.670,4102.336,0.75
1554.727,4103.845,0.75
1534.784,4105.352,0.75
1514.837,4106.801,0.75
1494.889,4108.251,0.75
1474.942,4109.700,0.75
1454.995,4111.149,0.75
1435.047,4112.599,0.75
1415.100,4114.048,0.75
1395.152,4115.498,0.75
1375.205,4116.947,0.75
1355.258,4118.396,0.75
1335.310,4119.846,0.75
1315.363,4121.295,0.75
1295.414,4122.730,0.75
1275.463,4124.131,0.75
1255.513,4125.533,0.75
1235.562,4126.934,0.75
1215.611,4128.336,0.75
1195.660,4129.738,0.75
1175.709,4131.139,0.75
1155.758,4132.541,0.75
1135.808,4133.943,0.75
1115.857,4135.344,0.75
1095.906,4136.746,0.75
1075.955,4138.147,0.75
1056.004,4139.549,0.75
1036.054,4140.951,0.75
1825.113,1807.558,0.8
1845.111,1807.218,0.8
1865.108,1806.877,0.8
1885.104,1806.515,0.8
1905.100,1806.112,0.8
1925.096,1805.709,0.8
1945.092,1805.289,0.8
1965.087,1804.832,0.8
1985.081,1804.374,0.8
2005.076,1803.897,0.8
2025.069,1803.395,0.8
2045.063,1802.893,0.8
2065.056,1802.366,0.8
2085.049,1801.832,0.8
2105.042,1801.293,0.8
2125.034,1800.742,0.8
2145.027,1800.191,0.8
2165.019,1799.643,0.8
2185.012,1799.095,0.8
2205.005,1798.573,0.8
2224.998,1798.053,0.8
2244.993,1797.588,0.8
2264.987,1797.140,0.8
2284.984,1796.741,0.8
2304.980,1796.390,0.8
2324.978,1796.081,0.8
2344.976,1795.828,0.8
2364.976,1795.649,0.8
2384.975,1795.533,0.8
2404.975,1795.483,0.8
2424.975,1795.498,0.8
2444.975,1795.573,0.8
2464.974,1795.722,0.8
2484.973,1795.979,0.8
2504.968,1796.393,0.8
2524.959,1796.984,0.8
2544.944,1797.775,0.8
2564.918,1798.780,0.8
2584.880,1800.007,0.8
2604.831,1801.413,0.8
2624.772,1802.945,0.8
2644.706,1804.568,0.8
2664.635,1806.254,0.8
2684.561,1807.972,0.8
2704.487,1809.695,0.8
2724.414,1811.395,0.8
2744.344,1813.073,0.8
2764.274,1814.746,0.8
2784.202,1816.432,0.8
2804.129,1818.146,0.8
2824.051,1819.904,0.8
2843.968,1821.728,0.8
2863.878,1823.624,0.8
2883.780,1825.601,0.8
2903.673,1827.668,0.8
2923.555,1829.834,0.8
2943.425,1832.106,0.8
2963.282,1834.495,0.8
2983.124,1837.009,0.8
3002.948,1839.654,0.8
3022.755,1842.425,0.8
3042.545,1845.315,0.8
3062.319,1848.313,0.8
3082.077,1851.412,0.8
3101.821,1854.606,0.8
3121.549,1857.890,0.8
3141.263,1861.260,0.8
3160.962,1864.715,0.8
3180.643,1868.275,0.8
3200.299,1871.965,0.8
3219.925,1875.817,0.8
3239.510,1879.867,0.8
3259.044,1884.159,0.8
3278.497,1888.803,0.8
3297.851,1893.843,0.8
3317.090,1899.303,0.8
3336.178,1905.273,0.8
3355.129,1911.663,0.8
3373.926,1918.494,0.8
3392.603,1925.645,0.8
3411.166,1933.090,0.8
3429.630,1940.776,0.8
3447.994,1948.696,0.8
3466.258,1956.848,0.8
3484.415,1965.233,0.8
3502.447,1973.884,0.8
3520.339,1982.819,0.8
3538.096,1992.023,0.8
3555.729,2001.459,0.8
3573.191,2011.209,0.8
3590.381,2021.431,0.8
3607.163,2032.307,0.8
3623.459,2043.899,0.8
3639.258,2056.158,0.8
3654.620,2068.963,0.8
3669.634,2082.176,0.8
3684.366,2095.702,0.8
3698.801,2109.544,0.8
3712.973,2123.655,0.8
3726.814,2138.092,0.8
3740.353,2152.811,0.8
3753.562,2167.827,0.8
3766.422,2183.144,0.8
3778.988,2198.703,0.8
3791.250,2214.503,0.8
3803.158,2230.571,0.8
3814.738,2246.877,0.8
3825.906,2263.466,0.8
3836.602,2280.365,0.8
3846.753,2297.596,0.8
3856.308,2315.164,0.8
3865.176,2333.088,0.8
3873.403,2351.316,0.8
3880.921,2369.848,0.8
3887.753,2388.643,0.8
3893.927,2407.665,0.8
3899.342,2426.916,0.8
3904.083,2446.344,0.8
3908.162,2465.923,0.8
3911.572,2485.629,0.8
3914.409,2505.426,0.8
3916.688,2525.295,0.8
3918.345,2545.225,0.8
3919.283,2565.201,0.8
3919.345,2585.198,0.8
3918.409,2605.173,0.8
3916.388,2625.068,0.8
3913.369,2644.837,0.8
3909.627,2664.482,0.8
3905.340,2684.016,0.8
3900.641,2703.456,0.8
3895.699,2722.836,0.8
3890.464,2742.138,0.8
3884.841,2761.331,0.8
3878.722,2780.371,0.8
3871.922,2799.177,0.8
3864.370,2817.694,0.8
3855.967,2835.841,0.8
3846.855,2853.643,0.8
3837.179,2871.145,0.8
3827.061,2888.396,0.8
3816.632,2905.462,0.8
3805.949,2922.370,0.8
3795.011,2939.113,0.8
3783.809,2955.681,0.8
3772.367,2972.084,0.8
3760.657,2988.298,0.8
3748.617,3004.267,0.8
3736.225,3019.964,0.8
3723.395,3035.306,0.8
3710.142,3050.282,0.8
3696.456,3064.865,0.8
3682.396,3079.088,0.8
3668.014,3092.985,0.8
3653.331,3106.564,0.8
3638.384,3119.852,0.8
3623.152,3132.812,0.8
3607.652,3145.450,0.8
3591.855,3157.716,0.8
3575.776,3169.609,0.8
3559.454,3181.166,0.8
3542.886,3192.367,0.8
3526.082,3203.212,0.8
3509.020,3213.646,0.8
3491.700,3223.644,0.8
3474.110,3233.160,0.8
3456.279,3242.217,0.8
3438.186,3250.738,0.8
3419.900,3258.837,0.8
3401.443,3266.539,0.8
3382.816,3273.819,0.8
3364.063,3280.771,0.8
3345.203,3287.426,0.8
3326.248,3293.803,0.8
3307.206,3299.918,0.8
3288.087,3305.788,0.8
3268.901,3311.436,0.8
3249.658,3316.884,0.8
3230.366,3322.157,0.8
3211.032,3327.277,0.8
3191.664,3332.264,0.8
3172.259,3337.105,0.8
3152.825,3341.829,0.8
3133.370,3346.466,0.8
3113.895,3351.020,0.8
3094.392,3355.450,0.8
3074.875,3359.818,0.8
3055.343,3364.116,0.8
3035.787,3368.307,0.8
3016.221,3372.452,0.8
2996.637,3376.509,0.8
2977.038,3380.493,0.8
2957.429,3384.431,0.8
2937.799,3388.259,0.8
2918.162,3392.054,0.8
2898.508,3395.756,0.8
2878.843,3399.402,0.8
2859.167,3402.986,0.8
2839.475,3406.484,0.8
2819.778,3409.948,0.8
2800.060,3413.294,0.8
2780.336,3416.609,0.8
2760.596,3419.822,0.8
2740.846,3422.974,0.8
2721.084,3426.051,0.8
2701.307,3429.025,0.8
2681.522,3431.955,0.8
2661.717,3434.736,0.8
2641.904,3437.464,0.8
2622.077,3440.091,0.8
2602.237,3442.613,0.8
2582.390,3445.081,0.8
2562.526,3447.413,0.8
2542.655,3449.683,0.8
2522.776,3451.877,0.8
2502.885,3453.962,0.8
2482.989,3455.999,0.8
2463.084,3457.945,0.8
2443.173,3459.823,0.8
2423.257,3461.661,0.8
2403.333,3463.402,0.8
2383.406,3465.111,0.8
2363.475,3466.763,0.8
2343.538,3468.352,0.8
2323.599,3469.912,0.8
2303.654,3471.396,0.8
2283.707,3472.845,0.8
2263.756,3474.250,0.8
2243.801,3475.592,0.8
2223.844,3476.904,0.8
2203.883,3478.155,0.8
2183.920,3479.359,0.8
2163.954,3480.530,0.8
2143.984,3481.624,0.8
2124.012,3482.674,0.8
2104.037,3483.677,0.8
2084.057,3484.579,0.8
2064.075,3485.422,0.8
2044.090,3486.200,0.8
2024.101,3486.851,0.8
2004.109,3487.415,0.8
1984.115,3487.890,0.8
1964.118,3488.236,0.8
1944.119,3488.442,0.8
1924.119,3488.533,0.8
1904.119,3488.503,0.8
1884.120,3488.297,0.8
1864.123,3487.959,0.8
1844.129,3487.511,0.8
1824.136,3486.952,0.8
1804.148,3486.257,0.8
1784.163,3485.497,0.8
1764.180,3484.662,0.8
1744.201,3483.746,0.8
1724.224,3482.802,0.8
1704.249,3481.791,0.8
1684.276,3480.765,0.8
1664.304,3479.702,0.8
1644.333,3478.634,0.8
1624.362,3477.554,0.8
1604.391,3476.475,0.8
1584.419,3475.410,0.8
1564.448,3474.344,0.8
1544.474,3473.308,0.8
1524.501,3472.281,0.8
1504.527,3471.268,0.8
1484.550,3470.299,0.8
1464.574,3469.329,0.8
1444.595,3468.397,0.8
1424.616,3467.499,0.8
1404.636,3466.601,0.8
1384.654,3465.750,0.8
1364.670,3464.935,0.8
1344.687,3464.119,0.8
1324.702,3463.340,0.8
1304.715,3462.615,0.8
1284.729,3461.889,0.8
8235.123,5.454,0.7
8217.752,15.367,0.7
8200.381,25.279,0.7
8183.011,35.192,0.7
8165.640,45.105,0.7
8148.270,55.018,0.7
8130.899,64.930,0.7
8113.528,74.843,0.7
8096.158,84.756,0.7
8078.787,94.669,0.7
8061.407,104.565,0.7
8044.025,114.458,0.7
8026.643,124.351,0.7
8009.261,134.243,0.7
7991.879,144.136,0.7
7974.497,154.029,0.7
7957.115,163.921,0.7
7939.728,173.805,0.7
7922.328,183.666,0.7
7904.928,193.526,0.7
7887.527,203.386,0.7
7870.127,213.247,0.7
7852.726,223.107,0.7
7835.307,232.934,0.7
7817.876,242.740,0.7
7800.445,252.547,0.7
7783.015,262.353,0.7
7765.556,272.111,0.7
7748.074,281.824,0.7
7730.591,291.537,0.7
7713.049,301.144,0.7
7695.478,310.697,0.7
7677.810,320.068,0.7
7660.053,329.270,0.7
7642.193,338.271,0.7
7624.284,347.174,0.7
7606.341,356.008,0.7
7588.358,364.762,0.7
7570.331,373.423,0.7
7552.263,381.998,0.7
7534.153,390.485,0.7
7516.003,398.886,0.7
7497.803,407.180,0.7
7479.551,415.355,0.7
7461.258,423.439,0.7
7442.926,431.436,0.7
7424.538,439.302,0.7
7406.111,447.078,0.7
7387.653,454.777,0.7
7369.148,462.366,0.7
7350.601,469.849,0.7
7332.023,477.254,0.7
7313.404,484.558,0.7
7294.735,491.730,0.7
7276.030,498.809,0.7
7257.287,505.789,0.7
7238.482,512.599,0.7
7219.633,519.286,0.7
7200.743,525.855,0.7
7181.813,532.308,0.7
7162.828,538.600,0.7
7143.814,544.802,0.7
7124.775,550.926,0.7
7105.706,556.958,0.7
7086.616,562.922,0.7
7067.515,568.851,0.7
7048.397,574.724,0.7
7029.272,580.575,0.7
7010.140,586.403,0.7
6991.000,592.204,0.7
6971.856,597.994,0.7
6952.704,603.756,0.7
6933.550,609.510,0.7
6914.388,615.239,0.7
6895.224,620.959,0.7
6876.052,626.657,0.7
6856.878,632.344,0.7
6837.698,638.012,0.7
6818.514,643.666,0.7
6799.325,649.305,0.7
6780.131,654.924,0.7
6760.933,660.533,0.7
6741.728,666.114,0.7
6722.521,671.691,0.7
6703.303,677.230,0.7
6684.086,682.770,0.7
6664.853,688.257,0.7
6645.621,693.744,0.7
6626.372,699.173,0.7
6607.121,704.596,0.7
6587.852,709.955,0.7
6568.580,715.301,0.7
6549.288,720.574,0.7
6529.991,725.830,0.7
6510.671,731.003,0.7
6491.347,736.155,0.7
6471.996,741.209,0.7
6452.640,746.243,0.7
6433.253,751.159,0.7
6413.863,756.060,0.7
6394.437,760.818,0.7
6375.008,765.560,0.7
6355.548,770.176,0.7
6336.079,774.758,0.7
6316.588,779.241,0.7
6297.084,783.665,0.7
6277.564,788.021,0.7
6258.024,792.286,0.7
6238.475,796.508,0.7
6218.902,800.619,0.7
6199.316,804.666,0.7
6179.716,808.649,0.7
6160.093,812.511,0.7
6140.451,816.280,0.7
6120.788,819.934,0.7
6101.097,823.435,0.7
6081.372,826.737,0.7
6061.607,829.790,0.7
6041.798,832.547,0.7
6021.946,834.973,0.7
6002.055,837.054,0.7
5982.133,838.804,0.7
5962.185,840.252,0.7
5942.220,841.429,0.7
5922.242,842.357,0.7
5902.255,843.067,0.7
5882.262,843.599,0.7
5862.265,843.977,0.7
5842.267,844.224,0.7
5822.267,844.354,0.7
5802.268,844.367,0.7
5782.268,844.256,0.7
5762.269,844.013,0.7
5742.273,843.629,0.7
5722.281,843.088,0.7
5702.294,842.372,0.7
5682.315,841.456,0.7
5662.349,840.302,0.7
5642.401,838.851,0.7
5622.484,837.038,0.7
5602.606,834.845,0.7
5582.777,832.238,0.7
5563.011,829.191,0.7
5543.329,825.645,0.7
5523.730,821.659,0.7
5504.215,817.287,0.7
5484.784,812.553,0.7
5465.444,807.457,0.7
5446.203,802.002,0.7
5427.054,796.232,0.7
5408.005,790.138,0.7
5389.072,783.694,0.7
5370.237,776.970,0.7
5351.513,769.941,0.7
5332.875,762.687,0.7
5314.323,755.215,0.7
5295.849,747.553,0.7
5277.467,739.673,0.7
5259.173,731.592,0.7
5240.972,723.303,0.7
5222.867,714.804,0.7
5204.881,706.060,0.7
5187.111,696.883,0.7
5169.582,687.256,0.7
5152.334,677.134,0.7
5135.397,666.499,0.7
5118.801,655.340,0.7
5102.676,643.508,0.7
5087.343,630.668,0.7
5072.302,617.494,0.7
5057.599,603.935,0.7
5042.897,590.377,0.7
5028.534,576.459,0.7
5014.178,562.534,0.7
4999.822,548.609,0.7
4985.491,534.659,0.7
4971.325,520.541,0.7
4957.159,506.422,0.7
4942.993,492.304,0.7
4928.826,478.186,0.7
4914.660,464.068,0.7
4900.543,449.901,0.7
4886.486,435.675,0.7
4872.428,421.449,0.7
4858.370,407.223,0.7
4844.313,392.997,0.7
4830.255,378.771,0.7
4816.197,364.545,0.7
4802.140,350.318,0.7
4788.115,336.060,0.7
4774.122,321.770,0.7
4760.130,307.480,0.7
4746.137,293.189,0.7
4732.145,278.899,0.7
4718.152,264.609,0.7
4704.160,250.319,0.7
4690.168,236.028,0.7
4676.175,221.738,0.7
4662.183,207.448,0.7
4648.190,193.158,0.7
4634.232,178.834,0.7
4620.280,164.504,0.7
4606.329,150.173,0.7
4592.378,135.843,0.7
4578.426,121.513,0.7
4564.475,107.182,0.7
4550.524,92.852,0.7
4536.572,78.522,0.7
4522.621,64.191,0.7
4508.669,49.861,0.7
4494.718,35.531,0.7
4480.767,21.200,0.7
4466.815,6.870,0.7
8390.830,1081.010,0.75
8371.201,1084.848,0.75
8351.573,1088.685,0.75
8331.953,1092.563,0.75
8312.332,1096.441,0.75
8292.715,1100.337,0.75
8273.102,1104.249,0.75
8253.489,1108.166,0.75
8233.881,1112.105,0.75
8214.273,1116.045,0.75
8194.668,1120.002,0.75
8175.064,1123.962,0.75
8155.462,1127.931,0.75
8135.860,1131.903,0.75
8116.259,1135.876,0.75
8096.657,1139.848,0.75
8077.053,1143.810,0.75
8057.446,1147.756,0.75
8037.835,1151.680,0.75
8018.218,1155.575,0.75
7998.594,1159.436,0.75
7978.964,1163.264,0.75
7959.332,1167.083,0.75
7939.712,1170.963,0.75
7920.120,1174.983,0.75
7900.554,1179.127,0.75
7881.006,1183.352,0.75
7861.466,1187.618,0.75
7841.930,1191.903,0.75
7822.398,1196.200,0.75
7802.870,1200.522,0.75
7783.348,1204.868,0.75
7763.832,1209.243,0.75
7744.323,1213.645,0.75
7724.820,1218.074,0.75
7705.321,1222.526,0.75
7685.827,1226.996,0.75
7666.336,1231.477,0.75
7646.845,1235.964,0.75
7627.355,1240.450,0.75
7607.864,1244.932,0.75
7588.371,1249.406,0.75
7568.875,1253.868,0.75
7549.373,1258.304,0.75
7529.864,1262.710,0.75
7510.346,1267.074,0.75
7490.817,1271.386,0.75
7471.275,1275.644,0.75
7451.723,1279.852,0.75
7432.162,1284.019,0.75
7412.599,1288.177,0.75
7393.042,1292.363,0.75
7373.497,1296.607,0.75
7353.960,1300.885,0.75
7334.424,1305.170,0.75
7314.884,1309.432,0.75
7295.331,1313.637,0.75
7275.762,1317.769,0.75
7256.181,1321.841,0.75
7236.598,1325.900,0.75
7217.021,1329.993,0.75
7197.463,1334.174,0.75
7177.933,1338.483,0.75
7158.437,1342.946,0.75
7138.978,1347.565,0.75
7119.538,1352.266,0.75
7100.105,1356.996,0.75
7080.666,1361.697,0.75
7061.208,1366.322,0.75
7041.722,1370.829,0.75
7022.202,1375.182,0.75
7002.648,1379.383,0.75
6983.065,1383.443,0.75
6963.454,1387.370,0.75
6943.819,1391.171,0.75
6924.162,1394.857,0.75
6904.486,1398.444,0.75
6884.796,1401.955,0.75
6865.097,1405.411,0.75
6845.391,1408.827,0.75
6825.681,1412.217,0.75
6805.967,1415.592,0.75
6786.253,1418.962,0.75
6766.540,1422.337,0.75
6746.830,1425.728,0.75
6727.124,1429.146,0.75
6707.424,1432.598,0.75
6687.731,1436.089,0.75
6668.046,1439.627,0.75
6648.371,1443.214,0.75
6628.705,1446.852,0.75
6609.048,1450.544,0.75
6589.402,1454.289,0.75
6569.765,1458.083,0.75
6550.135,1461.913,0.75
6530.510,1465.764,0.75
6510.885,1469.622,0.75
6491.260,1473.475,0.75
6471.631,1477.310,0.75
6451.995,1481.110,0.75
6432.348,1484.852,0.75
6412.687,1488.514,0.75
6393.006,1492.072,0.75
6373.305,1495.521,0.75
6353.586,1498.857,0.75
6333.851,1502.102,0.75
6314.105,1505.280,0.75
6294.352,1508.418,0.75
6274.599,1511.550,0.75
6254.850,1514.706,0.75
6235.106,1517.900,0.75
6215.370,1521.133,0.75
6195.640,1524.409,0.75
6175.918,1527.732,0.75
6156.205,1531.111,0.75
6136.506,1534.565,0.75
6116.818,1538.088,0.75
6097.142,1541.669,0.75
6077.473,1545.295,0.75
6057.807,1548.935,0.75
6038.140,1552.567,0.75
6018.467,1556.170,0.75
5998.787,1559.734,0.75
5979.100,1563.256,0.75
5959.403,1566.728,0.75
5939.697,1570.143,0.75
5919.978,1573.486,0.75
5900.243,1576.731,0.75
5880.490,1579.860,0.75
5860.714,1582.844,0.75
5840.911,1585.646,0.75
5821.083,1588.265,0.75
5801.236,1590.733,0.75
5781.372,1593.057,0.75
5761.498,1595.296,0.75
5741.615,1597.464,0.75
5721.725,1599.556,0.75
5701.826,1601.565,0.75
5681.918,1603.480,0.75
5662.000,1605.286,0.75
5642.071,1606.969,0.75
5622.130,1608.508,0.75
5602.178,1609.886,0.75
5582.215,1611.104,0.75
5562.243,1612.163,0.75
5542.264,1613.063,0.75
5522.277,1613.777,0.75
5502.283,1614.291,0.75
5482.285,1614.543,0.75
5462.286,1614.416,0.75
5442.295,1613.837,0.75
5422.317,1612.913,0.75
5402.347,1611.818,0.75
5382.387,1610.549,0.75
5362.442,1609.078,0.75
5342.518,1607.336,0.75
5322.627,1605.254,0.75
5302.779,1602.802,0.75
5282.988,1599.920,0.75
5263.271,1596.574,0.75
5243.638,1592.761,0.75
5224.087,1588.551,0.75
5204.622,1583.957,0.75
5185.264,1578.934,0.75
5166.013,1573.514,0.75
5146.894,1567.645,0.75
5127.963,1561.198,0.75
5109.216,1554.234,0.75
5090.697,1546.682,0.75
5072.354,1538.712,0.75
5054.164,1530.400,0.75
5036.099,1521.820,0.75
5018.133,1513.031,0.75
5000.250,1504.076,0.75
4982.438,1494.981,0.75
4964.687,1485.768,0.75
4946.990,1476.449,0.75
4929.343,1467.037,0.75
4911.744,1457.536,0.75
4894.194,1447.945,0.75
4876.697,1438.257,0.75
4859.256,1428.469,0.75
4841.873,1418.578,0.75
4824.551,1408.580,0.75
4807.290,1398.478,0.75
4790.090,1388.272,0.75
4772.952,1377.964,0.75
4755.881,1367.543,0.75
4738.871,1357.023,0.75
4721.922,1346.407,0.75
4705.035,1335.691,0.75
4688.213,1324.874,0.75
4671.458,1313.952,0.75
4654.796,1302.890,0.75
4638.214,1291.708,0.75
4621.719,1280.399,0.75
4605.317,1268.954,0.75
4589.016,1257.367,0.75
4572.817,1245.638,0.75
4556.734,1233.749,0.75
4540.753,1221.724,0.75
4524.871,1209.568,0.75
4509.090,1197.282,0.75
4493.410,1184.867,0.75
4477.830,1172.326,0.75
4462.354,1159.659,0.75
4446.989,1146.855,0.75
4431.750,1133.903,0.75
4416.649,1120.790,0.75
4401.692,1107.513,0.75
4386.881,1094.074,0.75
4372.210,1080.481,0.75
4357.670,1066.749,0.75
4343.270,1052.870,0.75
4329.087,1038.769,0.75
4315.168,1024.410,0.75
4301.484,1009.825,0.75
4288.108,994.956,0.75
4274.955,979.892,0.75
4261.936,964.709,0.75
4249.165,949.318,0.75
4236.463,933.870,0.75
4223.926,918.288,0.75
4211.494,902.621,0.75
4199.070,886.948,0.75
4186.865,871.104,0.75
4174.660,855.260,0.75
8835.237,2478.740,0.75
8815.238,2478.546,0.75
8795.239,2478.353,0.75
8775.240,2478.159,0.75
8755.241,2477.965,0.75
8735.242,2477.772,0.75
8715.243,2477.578,0.75
8695.244,2477.379,0.75
8675.245,2477.177,0.75
8655.246,2476.975,0.75
8635.247,2476.774,0.75
8615.248,2476.572,0.75
8595.249,2476.369,0.75
8575.250,2476.157,0.75
8555.251,2475.945,0.75
8535.252,2475.733,0.75
8515.253,2475.520,0.75
8495.254,2475.298,0.75
8475.256,2475.072,0.75
8455.257,2474.845,0.75
8435.258,2474.612,0.75
8415.260,2474.367,0.75
8395.261,2474.122,0.75
8375.263,2473.856,0.75
8355.265,2473.586,0.75
8335.267,2473.289,0.75
8315.269,2472.979,0.75
8295.272,2472.660,0.75
8275.275,2472.344,0.75
8255.277,2472.038,0.75
8235.279,2471.752,0.75
8215.280,2471.501,0.75
8195.282,2471.292,0.75
8175.282,2471.130,0.75
8155.283,2471.022,0.75
8135.283,2470.960,0.75
8115.283,2470.942,0.75
8095.283,2470.966,0.75
8075.283,2471.034,0.75
8055.283,2471.150,0.75
8035.284,2471.310,0.75
8015.285,2471.520,0.75
7995.287,2471.796,0.75
7975.290,2472.152,0.75
7955.295,2472.605,0.75
7935.303,2473.171,0.75
7915.315,2473.867,0.75
7895.333,2474.710,0.75
7875.359,2475.718,0.75
7855.394,2476.905,0.75
7835.440,2478.262,0.75
7815.498,2479.783,0.75
7795.570,2481.468,0.75
7775.655,2483.313,0.75
7755.756,2485.316,0.75
7735.873,2487.474,0.75
7716.006,2489.779,0.75
7696.156,2492.225,0.75
7676.324,2494.809,0.75
7656.507,2497.509,0.75
7636.705,2500.317,0.75
7616.917,2503.222,0.75
7597.143,2506.220,0.75
7577.386,2509.328,0.75
7557.652,2512.578,0.75
7537.944,2515.984,0.75
7518.267,2519.562,0.75
7498.625,2523.328,0.75
7479.022,2527.293,0.75
7459.465,2531.477,0.75
7439.946,2535.835,0.75
7420.461,2540.346,0.75
7401.008,2544.990,0.75
7381.582,2549.749,0.75
7362.182,2554.609,0.75
7342.803,2559.555,0.75
7323.443,2564.575,0.75
7304.101,2569.662,0.75
7284.776,2574.812,0.75
7265.467,2580.025,0.75
7246.174,2585.296,0.75
7226.897,2590.627,0.75
7207.637,2596.013,0.75
7188.391,2601.457,0.75
7169.163,2606.958,0.75
7149.956,2612.534,0.75
7130.777,2618.207,0.75
7111.634,2623.997,0.75
7092.532,2629.921,0.75
7073.476,2635.995,0.75
7054.472,2642.227,0.75
7035.522,2648.623,0.75
7016.628,2655.181,0.75
6997.789,2661.894,0.75
6979.003,2668.756,0.75
6960.270,2675.761,0.75
6941.591,2682.909,0.75
6922.967,2690.199,0.75
6904.401,2697.635,0.75
6885.907,2705.250,0.75
6867.481,2713.026,0.75
6849.128,2720.972,0.75
6830.850,2729.091,0.75
6812.650,2737.383,0.75
6794.531,2745.848,0.75
6776.492,2754.486,0.75
6758.536,2763.293,0.75
6740.664,2772.270,0.75
6722.877,2781.414,0.75
6705.175,2790.722,0.75
6687.558,2800.191,0.75
6670.023,2809.808,0.75
6652.562,2819.561,0.75
6635.167,2829.431,0.75
6617.830,2839.403,0.75
6600.540,2849.454,0.75
6583.284,2859.565,0.75
6566.051,2869.716,0.75
6548.846,2879.914,0.75
6531.687,2890.188,0.75
6514.600,2900.581,0.75
6497.614,2911.140,0.75
6480.753,2921.896,0.75
6464.047,2932.890,0.75
6447.526,2944.161,0.75
6431.208,2955.725,0.75
6415.101,2967.580,0.75
6399.171,2979.672,0.75
6383.407,2991.981,0.75
6367.826,3004.520,0.75
6352.389,3017.235,0.75
6337.124,3030.158,0.75
6322.052,3043.303,0.75
6307.218,3056.717,0.75
6292.603,3070.370,0.75
6278.245,3084.293,0.75
6264.082,3098.413,0.75
6250.152,3112.765,0.75
6236.424,3127.308,0.75
6222.942,3142.080,0.75
6209.719,3157.085,0.75
6196.817,3172.366,0.75
6184.274,3187.943,0.75
6172.182,3203.873,0.75
6160.565,3220.151,0.75
6149.497,3236.808,0.75
6139.056,3253.865,0.75
6129.162,3271.245,0.75
6119.671,3288.849,0.75
6110.423,3306.583,0.75
6101.290,3324.376,0.75
6092.272,3342.227,0.75
6083.480,3360.190,0.75
6074.998,3378.302,0.75
6066.983,3396.625,0.75
6059.466,3415.157,0.75
6052.569,3433.929,0.75
6046.350,3452.936,0.75
6040.689,3472.117,0.75
6035.556,3491.446,0.75
6030.963,3510.911,0.75
6026.780,3530.468,0.75
6022.961,3550.099,0.75
6019.469,3569.792,0.75
6016.310,3589.540,0.75
6013.451,3609.335,0.75
6010.877,3629.168,0.75
6008.592,3649.037,0.75
6006.608,3668.938,0.75
6004.982,3688.871,0.75
6003.692,3708.829,0.75
6002.709,3728.805,0.75
6002.044,3748.793,0.75
6001.652,3768.789,0.75
6001.472,3788.788,0.75
6001.501,3808.788,0.75
6001.699,3828.787,0.75
6002.098,3848.783,0.75
6002.707,3868.773,0.75
6003.550,3888.755,0.75
6004.661,3908.724,0.75
6006.093,3928.673,0.75
6007.871,3948.593,0.75
6010.080,3968.470,0.75
6012.729,3988.293,0.75
6015.833,4008.050,0.75
6019.403,4027.729,0.75
6023.442,4047.316,0.75
6027.860,4066.821,0.75
6032.623,4086.246,0.75
6037.661,4105.600,0.75
6042.956,4124.887,0.75
6048.471,4144.111,0.75
6054.248,4163.258,0.75
6060.275,4182.328,0.75
6066.562,4201.314,0.75
6073.188,4220.184,0.75
6080.152,4238.932,0.75
6087.452,4257.552,0.75
6095.148,4276.011,0.75
6103.151,4294.340,0.75
6111.433,4312.544,0.75
6119.958,4330.636,0.75
6128.691,4348.629,0.75
6137.569,4366.550,0.75
6146.561,4384.414,0.75
6155.646,4402.232,0.75
6164.803,4420.013,0.75
6174.016,4437.764,0.75
6183.273,4455.493,0.75
6192.581,4473.195,0.75
6201.968,4490.855,0.75
6211.462,4508.458,0.75
6221.086,4525.990,0.75
6230.864,4543.437,0.75
6240.792,4560.799,0.75
6250.866,4578.076,0.75
6261.080,4595.272,0.75
6271.441,4612.378,0.75
6281.937,4629.403,0.75
6292.566,4646.344,0.75
6303.333,4663.199,0.75
6314.244,4679.960,0.75
6325.308,4696.620,0.75
6336.542,4713.167,0.75
6347.973,4729.578,0.75
6359.639,4745.824,0.75
6371.512,4761.918,0.75
6383.578,4777.867,0.75
6395.815,4793.687,0.75
6408.195,4809.394,0.75
6420.687,4825.013,0.75
6433.258,4840.568,0.75
6445.879,4856.083,0.75
6458.524,4871.578,0.75
6471.175,4887.069,0.75
6483.836,4902.552,0.75
6496.509,4918.024,0.75
6509.200,4933.481,0.75
6521.913,4948.921,0.75
6534.656,4964.336,0.75
6547.443,4979.714,0.75
6560.276,4995.054,0.75
6573.167,5010.345,0.75
6586.131,5025.575,0.75
6599.183,5040.728,0.75
6612.334,5055.797,0.75
6625.583,5070.778,0.75
6638.926,5085.677,0.75
6652.351,5100.501,0.75
6665.842,5115.266,0.75
6679.381,5129.987,0.75
6692.951,5144.679,0.75
6706.540,5159.353,0.75
6720.145,5174.012,0.75
6733.762,5188.661,0.75
6747.391,5203.298,0.75
6761.030,5217.926,0.75
6774.679,5232.545,0.75
6788.342,5247.151,0.75
6802.015,5261.747,0.75
6815.698,5276.333,0.75
6829.393,5290.909,0.75
6843.102,5305.471,0.75
6856.828,5320.018,0.75
6870.570,5334.549,0.75
6884.330,5349.064,0.75
6898.110,5363.558,0.75
6911.915,5378.030,0.75
6925.746,5392.477,0.75
6939.608,5406.894,0.75
6953.504,5421.277,0.75
6967.438,5435.624,0.75
6981.406,5449.938,0.75
6995.404,5464.223,0.75
7009.426,5478.484,0.75
7023.466,5492.728,0.75
7037.511,5506.967,0.75
7051.550,5521.211,0.75
7065.581,5535.463,0.75
7079.610,5549.719,0.75
7093.640,5563.971,0.75
7107.677,5578.218,0.75
7121.726,5592.453,0.75
7135.787,5606.676,0.75
7149.868,5620.878,0.75
7163.983,5635.047,0.75
7178.143,5649.172,0.75
7192.356,5663.243,0.75
7206.627,5677.255,0.75
7220.960,5691.203,0.75
7235.375,5705.067,0.75
7249.863,5718.855,0.75
7264.421,5732.568,0.75
7279.047,5746.209,0.75
7293.741,5759.777,0.75
7308.523,5773.249,0.75
7323.366,5786.654,0.75
7338.268,5799.992,0.75
7353.239,5813.254,0.75
7368.297,5826.417,0.75
7383.419,5839.505,0.75
7398.609,5852.515,0.75
7413.885,5865.425,0.75
7429.259,5878.216,0.75
7444.709,5890.917,0.75
7460.232,5903.528,0.75
7475.823,5916.054,0.75
7491.497,5928.477,0.75
7507.222,5940.835,0.75
7522.989,5953.139,0.75
7538.793,5965.396,0.75
7554.629,5977.613,0.75
7570.485,5989.801,0.75
7586.353,6001.976,0.75
7602.231,6014.137,0.75
7618.127,6026.274,0.75
7634.051,6038.375,0.75
7650.000,6050.442,0.75
7665.979,6062.471,0.75
7682.012,6074.427,0.75
7698.081,6086.333,0.75
7714.187,6098.191,0.75
7730.371,6109.941,0.75
7746.602,6121.627,0.75
7762.877,6133.252,0.75
7779.247,6144.741,0.75
7795.659,6156.171,0.75
7812.115,6167.538,0.75
7828.640,6178.804,0.75
7845.196,6190.025,0.75
7861.783,6201.198,0.75
7878.420,6212.298,0.75
7895.079,6223.365,0.75
7911.761,6234.398,0.75
7928.469,6245.391,0.75
7945.193,6256.359,0.75
7961.927,6267.312,0.75
7978.670,6278.252,0.75
7995.421,6289.179,0.75
8012.180,6300.094,0.75
8028.948,6310.995,0.75
8045.725,6321.883,0.75
8062.510,6332.758,0.75
8079.302,6343.621,0.75
8096.103,6354.472,0.75
8112.921,6365.295,0.75
8129.789,6376.041,0.75
8146.747,6386.644,0.75
8163.944,6396.852,0.75
8181.322,6406.752,0.75
8198.743,6416.576,0.75
8216.201,6426.334,0.75
8233.663,6436.084,0.75
8251.126,6445.833,0.75
8268.608,6455.548,0.75
8286.091,6465.262,0.75
8303.573,6474.976,0.75
8321.056,6484.690,0.75
8338.543,6494.396,0.75
8356.036,6504.091,0.75
8373.528,6513.787,0.75
8391.021,6523.482,0.75
8408.514,6533.177,0.75
8426.007,6542.873,0.75
8443.500,6552.568,0.75
8460.998,6562.254,0.75
8478.496,6571.939,0.75
8495.995,6581.624,0.75
8513.494,6591.309,0.75
8530.993,6600.993,0.75
8548.491,6610.678,0.75
8565.990,6620.363,0.75
8583.489,6630.047,0.75
8600.988,6639.732,0.75
8618.490,6649.411,0.75
8635.992,6659.089,0.75
8653.494,6668.768,0.75
8670.997,6678.446,0.75
8688.499,6688.124,0.75
8706.001,6697.802,0.75
8723.504,6707.480,0.75
8741.006,6717.159,0.75
8758.508,6726.837,0.75
8776.011,6736.515,0.75
8793.513,6746.193,0.75
